id,dt_ms,truth,lo_pct,hi_pct,w1g_pct,w1g_lo_pct,w1g_hi_pct,inside
aco-048,1.78,0.7767787128208761,-2.9792564314102044,2.5521352524983554,-0.5581654878687781,-1.0266629117216541,-0.0896680640159131,True
aco-039,1.86,0.5888433931801738,-3.3531067343312237,2.465565960661964,-0.902066675303792,-1.396322754022794,-0.4078105965848122,True
geo-058,2.0,1.1502233366955996,-3.6454829671616062,2.448296365705316,-0.7724367424794876,-1.0473467061488217,-0.4975267788101645,True
aco-053,1.9200000000000004,0.78026488958469,-3.237511263633086,2.8668670801920593,-0.5366580477833782,-1.0170309368131791,-0.05628515875356621,True
geo-110,1.5,1.017598988710618,-4.8562830507701165,1.379401643891165,-0.6357677092414638,-1.126095324807952,-0.14544009367496447,True
geo-057,2.0,0.9455685249084611,-4.060945439756091,2.687296815307594,-0.7153798009916223,-1.047089593663808,-0.38367000831943665,True
geo-043,2.0,0.9445667877389005,-3.9984446865910517,2.751125764913165,-0.9458428242650418,-1.2793625898272598,-0.6123230587028017,True
geo-044,2.0,0.9445147578813908,-3.981566555374705,2.770541800789128,-0.9715993589719973,-1.304448757484189,-0.6387499604598057,True
geo-061,2.0,0.9453044922163518,-4.022870506184873,2.7294564555197853,-0.8611974569087577,-1.1886932262799688,-0.5337016875375578,True
geo-040,2.0,0.943760629290255,-3.9364477105614304,2.8170360728551724,-1.079218292648687,-1.4148801024780888,-0.7435564828192742,True
geo-046,2.0,0.9439741983336831,-3.9404156437156,2.8142164785503354,-1.0311531183178846,-1.3643592409869232,-0.697946995648846,True
geo-052,2.0,0.9431710585135308,-3.8909502290367604,2.864262030905085,-1.0688594205926494,-1.4036609720518456,-0.7340578691334643,True
geo-048,2.0,0.9438052758663049,-3.927407094247992,2.828022148664,-1.0417669152754438,-1.3750824428033326,-0.708451387747544,True
geo-053,2.0,0.9432374692930581,-3.848058414613109,2.914124611693625,-1.0751353794604457,-1.4042509111518497,-0.7460198477690527,True
geo-059,2.0,0.9431452083499736,-3.8410824684014355,2.922238406383748,-1.057977545455302,-1.385435203135732,-0.7305198877748609,True
geo-054,2.0,0.9422659165446787,-3.7871735798647332,2.9764879782377074,-1.0925285006028629,-1.4242413334557336,-0.7608156677500033,True
aco-046,1.84,0.5513480836081354,-3.6887934588010207,3.139518033616695,-0.5816091336316775,-1.074729752083603,-0.0884885151797743,True
dis-010,0.5000000237487257,0.49827365360745657,-3.2518176267836596,3.688858453138133,1.9537111919835093,1.7693702799945532,2.1380521039725098,True
aco-052,1.8800000000000001,0.5531621654765257,-3.8516948599874867,3.203417825180077,-0.5407308738337058,-0.9848365199350839,-0.09662522773236093,True
geo-101,1.5,0.7398889395824706,-5.5153131847883845,1.8296624617807788,-0.7409674344379336,-1.1528873085520863,-0.329047560323803,True
dis-015,0.6000000284984708,0.5272690159324575,-3.5351076812308424,4.143402686386555,2.500862114357272,2.367378353159899,2.6343458755546,True
dis-043,0.5000000237487257,0.30040938616193386,-5.01858076795031,3.731813500308734,1.8704255856601737,1.799146459842671,1.941704711477632,True
geo-084,1.9200000000000004,0.7394485996466709,-6.668624206470264,2.216601877754565,-0.9656485587315911,-1.4075394113659212,-0.523757706097272,True
geo-086,1.9200000000000004,0.7393854818362996,-6.661013496854218,2.2266537271671716,-0.9615355408840176,-1.403626287536297,-0.5194447942317493,True
geo-082,1.9200000000000004,0.7394253828637213,-6.680709939518071,2.219497658803138,-0.9673698162314226,-1.409308150533195,-0.525431481929628,True
geo-085,1.9200000000000004,0.7394056300162312,-6.678330065660498,2.222646785721505,-0.9660836158373542,-1.4080860164113473,-0.5240812152633723,True
geo-087,1.9200000000000004,0.7393378081666963,-6.670136741831801,2.233448895748813,-0.9613553037581712,-1.403566552688118,-0.5191440548282134,True
dis-026,1.500000013038516,0.5096993603301169,-4.584386190976453,4.418957588199612,1.5303337164901398,1.2565808830830694,1.8040865498972103,True
dis-018,1.0000000474974513,0.39365442271188666,-5.006814754571465,4.021412084114817,1.4483006481485816,1.2572726489901598,1.6393286473070035,True
dis-029,1.0000000474974513,0.521353948635103,-4.580930423034779,4.455762824802889,1.4529522007229234,1.2473864774193544,1.6585179240264702,True
aco-040,1.4400000000000002,0.522264283605348,-4.84685684288193,4.216410392584646,-0.762344401554893,-1.2575275670873909,-0.26716123602237296,True
dis-035,1.500000013038516,0.6940031192011054,-4.62121983766417,4.483821712887193,1.2956227861077085,0.9368142247841105,1.6544313474313066,True
geo-098,1.0,0.4179296124683298,-3.403868420239431,6.181885621493666,2.2624845394168647,2.0364882292454034,2.488480849588348,True
geo-097,1.0,0.41788613938638225,-3.393008495275074,6.202669494808122,2.2733618385970544,2.0479319499936866,2.4987917272004223,True
geo-091,1.0,0.4174460083272914,-3.2816706528361106,6.41950742412869,2.3806724040944305,2.161669433772162,2.599675374416721,True
aco-031,1.6800000000000002,0.4526017644566574,-5.4007496048079195,4.338285701848199,-1.0555115404577542,-1.5426424201306577,-0.5683806607848618,True
aco-033,1.7000000000000002,0.45812986407392164,-5.309978103130519,4.435827651896873,-1.037834655947456,-1.5275190145028428,-0.5481502973920804,True
aco-032,1.7000000000000002,0.4574103045030589,-5.219020922176421,4.535463040053123,-1.038863598305495,-1.5289005363575359,-0.5488266602534653,True
geo-121,2.0,0.40081966635290367,-5.360462255664156,4.509312700802637,-0.6042556642585795,-1.090517483300124,-0.11799384521703482,True
dis-013,0.750000006519258,0.3997354381389915,-5.135147590560951,4.808980449318034,1.9971133264731655,1.7375752854533966,2.2566513674929123,True
dis-012,1.0000000474974513,0.5272690159324575,-4.870338934042595,5.27018551257854,2.495743053018318,2.129852892959838,2.8616332130767974,True
aco-035,1.42,0.24453897361942434,-5.629980253429901,4.661909872137793,-0.9466911956094615,-1.3999602455056048,-0.4934221457133292,True
aco-036,1.42,0.24421197444527515,-5.462225211295635,4.86690655926334,-0.9307958308385045,-1.3875595429129528,-0.47403211876407836,True
aco-034,1.42,0.24372393208369994,-5.391254977583171,4.941521205577493,-0.9574349674557392,-1.4164303207631845,-0.49843961414829385,True
aco-030,0.68,0.31738401490701695,-6.974799742652971,3.5325264008238433,-1.085742765926545,-1.2158664509489214,-0.9556190809041354,True
aco-044,2.0,0.33268993017430526,-6.299650982509053,4.560532504803416,-0.665452533033084,-1.1302885334492307,-0.20061653261691514,True
aco-026,1.98,0.27992554565069194,-7.086791918313251,4.263551824558776,-2.3143156045988933,-2.7448214671557003,-1.8838097420420974,True
aco-022,1.98,0.27988768694716565,-7.126747411735246,4.247964675206184,-2.5462009229826887,-2.9701083623552282,-2.1222934836101603,True
aco-023,1.98,0.2794819691551485,-6.989714429118299,4.387664889621012,-2.498225830845058,-2.924518787740338,-2.0719328739497667,True
aco-025,1.98,0.2790725073311705,-6.761752105065955,4.624960962013835,-2.3671565531440786,-2.79018318420855,-1.9441299220796182,True
dis-009,1.0000000474974513,0.23213488650696185,-5.836826030740139,5.800979694854558,1.993481374563788,1.6716718581429646,2.3152908909845893,True
aco-029,1.6,0.2439387054789966,-5.884433312844683,5.756093717927269,-1.2066309955147125,-1.6946253007098289,-0.7186366903195962,True
dis-016,1.0000000474974513,0.3997354381389915,-6.205799813975055,5.784568548770985,1.6042182577359343,1.1517097525487685,2.0567267629231,True
dis-008,1.5999999595806003,0.39365442271188666,-6.743134589015154,6.142358694625316,2.06861765005677,1.646044292978166,2.491191007135374,True
aco-049,1.98,0.7315991634893909,-8.37096222477076,4.958729988660915,-0.5574102481993193,-1.0526237230063629,-0.062196773392275695,True
aco-045,1.98,0.7314150309836122,-8.412044537037167,4.929545850171624,-0.5822834539959687,-1.0758733130356246,-0.08869359495630169,True
aco-042,1.98,0.7296024588668245,-8.730123746318974,4.716586133391498,-0.7538102868933416,-1.2198371148283926,-0.2877834589582906,True
aco-041,1.98,0.7302528360429075,-8.712297252172407,4.739119038215689,-0.7562815589233329,-1.220884789719734,-0.29167832812694305,True
geo-025,1.5,0.4171630380361569,-4.63007907360764,8.905996342395017,1.7444001098517292,1.4301979558619227,2.058602263841558,True
aco-050,1.98,0.7218149004083219,-8.438655262576834,5.374998526011177,-0.5445242728356448,-0.9816128372565958,-0.10743570841469374,True
dis-006,2.0000000949949026,0.3138860826820253,-7.836743301904758,6.053579837723966,-0.6833304377138694,-1.1446678193585136,-0.22199305606922515,True
aco-027,0.9600000000000002,0.3165694174869772,-9.03701420052483,5.00794315851214,-1.6809666547225155,-2.1408634005887217,-1.221069908856287,True
aco-047,2.0,0.7327965899976827,-8.74642579311602,5.414109561365166,-0.5645610672718182,-1.0413273095544073,-0.08779482498922908,True
aco-056,2.0,0.7350046469094019,-8.719560040931684,5.448207647299519,-0.5215240720897074,-1.0109765674630844,-0.032071576716308225,True
dis-028,1.0999999940395355,0.30040938616193386,-7.530634534714786,7.0646522074086615,2.8568644690271983,2.4775073448859652,3.2362215931684313,True
dis-007,2.0000000949949026,0.2983700431551602,-8.678930105312244,6.237047591584677,-0.5529423587454119,-1.041520655136463,-0.06436406235434955,True
geo-113,1.5,0.20010150728093004,-10.405573590005535,5.703218630448759,-1.165130108522927,-1.3564358276546118,-0.9738243893912424,True
geo-112,1.5,0.20018424046643632,-10.432487422400161,5.774493785867096,-1.1784331058895092,-1.3737995077999443,-0.9830667039790963,True
geo-103,1.5,0.20011627187284997,-10.340181747266463,5.975856146917202,-1.1812687550186496,-1.3853246704542244,-0.9772128395830859,True
geo-105,1.5,0.20011130645909783,-10.337799126405944,5.978904561579457,-1.1788504095215036,-1.3827170581564907,-0.9749837608865164,True
geo-102,1.5,0.20052324344351374,-10.578449955493008,5.780896857703932,-1.2294574926285162,-1.4339344789949027,-1.0249805062621298,True
geo-079,1.5,0.20068185593148116,-10.523271396305411,5.846928708495813,-1.182808085722864,-1.4092720431527983,-0.9563441282929186,True
geo-093,1.5,0.20095778645679171,-10.233649052084637,6.1379816379706575,-1.1361427267451485,-1.326956624092257,-0.94532882939804,True
geo-096,1.5,0.20082889050642255,-10.431703607936205,6.166010593262139,-1.1359148736213909,-1.3212772880876744,-0.9505524591550962,True
geo-065,1.5,0.20137323732000695,-10.538100341668155,6.0726210640238865,-1.334115480821374,-1.554005408895831,-1.114225552746928,True
geo-047,2.0,0.5299077184658149,-9.815656100525649,6.802661603687565,-1.2219328217228598,-1.5029913430167574,-0.9408743004289843,True
geo-068,1.4600000000000002,0.26521643543681933,-10.887677749729175,5.890873856975931,-1.049053343535289,-1.535259008153922,-0.5628476789166448,True
geo-029,2.0,0.3587686192201066,-9.90743952543962,6.985342858142585,-1.521068903358369,-1.9822638099881162,-1.0598739967286108,True
geo-066,2.0,0.28862925669573525,-12.185634114260601,4.723522174361827,-1.1570077488197827,-1.5106723367726893,-0.8033431608668984,True
geo-038,2.0,0.4157355922030562,-7.860181247168385,9.05655826912568,2.2904292875266963,1.9361813202686262,2.644677254784744,True
geo-072,2.0,0.41547272306911803,-7.848072743474333,9.117021106622492,2.3986204578337222,2.0605805771010344,2.73666033856641,True
geo-037,2.0,0.5289548274303715,-10.371636085912005,6.764550556992988,-4.680730622759288,-4.90623073825347,-4.45523050726514,True
geo-063,2.0,0.28749102029396784,-12.420739893168541,4.799702191562427,-1.2320192196909163,-1.5790273874430327,-0.8850110519387999,True
geo-067,2.0,0.2875651688281451,-12.263067064806755,4.998636907103071,-1.1749077795506158,-1.5193598493820737,-0.8304557097191578,True
geo-062,2.0,0.28733769698960404,-12.456286332554589,4.815921550720503,-1.2474950730497203,-1.593780944697587,-0.9012092014018758,True
geo-118,1.5,0.20027886586362154,-10.559631820341709,6.799452567374176,-1.1304957779687208,-1.3237299827345006,-0.937261573202941,True
geo-041,2.0,0.36263530583149334,-9.942560684577128,7.6859243617107165,-1.3306859981361496,-1.7801073299177905,-0.8812646663545087,True
geo-090,2.0,0.2881548846617117,-12.807806944545842,4.8236503497045335,-1.1927114996473587,-1.5479989276626749,-0.8374240716320536,True
geo-089,2.0,0.2881159733854692,-12.816290268217777,4.836468067219313,-1.1906320007669113,-1.5464757823021147,-0.8347882192317191,True
geo-064,1.4600000000000002,0.26589447558029394,-11.960731531109992,5.77504566300604,-1.1320797963221496,-1.6205847980542032,-0.643574794590096,True
geo-106,1.5,0.200598575804315,-10.661575134473654,7.109647375694905,-1.1309436671776751,-1.3374012844322825,-0.9244860499230678,True
geo-092,2.0,0.28783613208193504,-12.881729172160949,4.936042978314914,-1.1661544454157124,-1.5264520677802706,-0.8058568230511542,True
geo-034,1.4600000000000002,0.26522807764917844,-12.253395389722254,5.719860433791069,-1.3811969152017323,-1.87292267432142,-0.8894711560820445,True
geo-049,2.0,0.3616432841640758,-10.054834193872486,7.959675045245351,-1.252760496894445,-1.716611017049563,-0.7889099767393382,True
geo-036,1.4600000000000002,0.2661863119717247,-12.399967346996622,5.707862495812233,-1.375865984910818,-1.8597857822974406,-0.8919461875242174,True
geo-039,1.4600000000000002,0.265123459756831,-12.43717244206196,5.778551755550532,-1.3217205557405354,-1.8117318000605676,-0.8317093114204699,True
geo-042,1.4600000000000002,0.2635442673243303,-12.437227667891026,5.923886614740703,-1.289289456669207,-1.7791753434804214,-0.7994035698579816,True
geo-031,1.4600000000000002,0.2655062680569832,-12.640646407961864,5.863082387399765,-1.4582985151123884,-1.948830451274819,-0.9677665789499801,True
geo-030,1.4600000000000002,0.2656169529245977,-12.720800211051053,5.797470115876835,-1.5052394064584584,-1.9892691430027476,-1.0212096699141582,True
geo-035,1.4600000000000002,0.26515869208935944,-12.719989381212727,5.819457860773225,-1.400348089357062,-1.8712660299939898,-0.9294301487201451,True
geo-023,1.8000000000000003,0.20553291760900255,-11.254805530458157,7.323918946647678,-1.9074524559370198,-2.3642618080097266,-1.4506431038643353,True
geo-026,1.4600000000000002,0.2652431531026552,-12.7590401581406,5.845415559933409,-1.5876377246231588,-2.0786516744050743,-1.0966237748412322,True
geo-032,1.4600000000000002,0.2653704755604727,-12.884818806277853,5.754848726683126,-1.4233636814275252,-1.9138639863060192,-0.9328633765490535,True
geo-033,1.4600000000000002,0.265484037922808,-12.936143355090767,5.706328635095836,-1.41957786160396,-1.9023676109902188,-0.9367881122177013,True
geo-094,2.0,0.2884571964748121,-12.748884097458236,5.918212873171846,-1.1960286888809013,-1.547469651800526,-0.8445877259612766,True
geo-027,1.4600000000000002,0.26498012060115955,-13.048528547133287,5.785700546750938,-1.5823439956332397,-2.067056885487073,-1.0976311057793842,True
geo-028,1.4600000000000002,0.26481322665016405,-12.957251872172526,5.928165532917173,-1.5676779616051517,-2.0515131244576934,-1.0838427987526322,True
geo-095,2.0,0.2885606227837539,-12.75936406370115,6.327391573595542,-1.191005784511523,-1.5413072569143371,-0.840704312108731,True
geo-022,1.8000000000000003,0.21113102694630564,-14.770162498248872,6.483454033079883,-2.9076466453031524,-3.2957143355826446,-2.519578955023638,True
geo-020,1.8000000000000003,0.21174376138665918,-14.88910285643531,6.44657708968186,-3.1430604891975022,-3.531608013754539,-2.7545129646404765,True
geo-016,2.0,0.21276558853797833,-16.21513645713428,7.035333294204871,-3.5063426081861193,-3.939351044995676,-3.0733341713765627,True
geo-055,2.0,0.20082106130872654,-13.490021577694634,9.812339272941939,-1.3343052754216322,-1.801744214204104,-0.8668663366391827,True
geo-013,2.0,0.2127916641109598,-16.32632534748828,6.996246458511335,-3.5472013177761497,-3.9835446233376204,-3.110858012214668,True
geo-021,2.0,0.21212175417803872,-15.873157019934592,7.516591916592197,-3.052987428334719,-3.479677691479366,-2.6262971651900613,True
geo-011,2.0,0.2134402833173311,-16.544579830575735,6.921394700470351,-3.7384919287809404,-4.1567468029082395,-3.320237054653641,True
geo-006,2.0,0.21350548681471704,-16.63771174196912,6.845781977468524,-3.820230442139505,-4.238640803780069,-3.4018200804989407,True
geo-000,2.0,0.2138923630380487,-16.84690551589122,6.68008006680223,-3.977863307966245,-4.4115846937909815,-3.5441419221415305,True
geo-010,2.0,0.21357443094334505,-16.612496750584484,6.927646235836393,-3.7642148249274254,-4.193319089698244,-3.3351105601565845,True
geo-060,2.0,0.1995714912686863,-14.850546833026367,8.699568603253184,-1.587763645046547,-2.0703006676162317,-1.1052266224768514,True
geo-002,2.0,0.21352227320096043,-16.821694555740997,6.753312037532089,-3.8843991095851904,-4.3116477903159645,-3.4571504288544275,True
geo-014,2.0,0.21348211682780355,-16.47047287830288,7.121597481604547,-3.500285757464905,-3.941328227895602,-3.059243287034208,True
geo-003,2.0,0.2135326788831183,-16.82642097467796,6.77374178350314,-3.861933162386433,-4.288611687436116,-3.43525463733676,True
geo-001,2.0,0.21361041018685925,-16.966765712268582,6.6927204731991985,-3.8814796131198315,-4.313237983818929,-3.4497212424207224,True
geo-005,2.0,0.2135048804352197,-16.88475069478399,6.818316326849128,-3.8038344728158924,-4.233905707362807,-3.3737632382689786,True
geo-007,2.0,0.21323787479546397,-16.970622554750094,6.737417569540138,-3.788008948762689,-4.2308105880658475,-3.345207309459508,True
geo-015,2.0,0.2127114191119425,-16.731948216033953,6.991194776972942,-3.4782904685595972,-3.9343472808968882,-3.022233656222295,True
geo-004,2.0,0.21353575222015245,-17.048368657907808,6.702434792397538,-3.827439094302998,-4.256771294551742,-3.3981068940542314,True
geo-008,2.0,0.21325203853022764,-17.007698408691386,6.748874864176035,-3.761286426027699,-4.198329963919456,-3.324242888135942,True
geo-009,2.0,0.2134500539181178,-17.00211631515961,6.773981390623507,-3.750675353269428,-4.194371890793558,-3.3069788157452984,True
geo-012,2.0,0.21330033000046025,-17.079314588043136,6.840625947990797,-3.565854557104231,-4.021375170553565,-3.1103339436549082,True
geo-017,2.0,0.2128660443645629,-16.966306698805035,7.029565760569856,-3.381962669219307,-3.8403016683755564,-2.923623670063047,True
geo-019,2.0,0.21292902257007226,-16.92346545455431,7.1133336285843285,-3.2441489623978637,-3.712107401695497,-2.7761905231002304,True
geo-018,2.0,0.21253882281116362,-17.035567089733973,7.066644223113228,-3.3491317085779015,-3.7811996122021685,-2.9170638049536457,True
geo-104,2.0,0.19950303666127306,-13.459220267982264,10.744200442303399,-1.1719956506473062,-1.551404262066547,-0.7925870392280543,True
geo-088,2.0,0.2006237567558636,-13.467413400567086,11.243830202526395,-1.11682160010389,-1.5134859469153494,-0.7201572532924194,True
aco-024,1.8800000000000001,0.2526141126396855,-15.247595358379195,10.217821563037187,-2.485089790475381,-2.9350903014111585,-2.0350892795396036,True
dis-003,0.5000000237487257,0.04602307669416675,-15.00685089877354,11.335395005110893,-0.620374827834913,-0.8473292039644309,-0.3934204517054063,True
aco-019,0.9000000000000001,0.20163432825061525,-17.072873153804235,11.71606661152822,-5.243976009055196,-5.407674067946589,-5.080277950163781,True
geo-100,1.0,0.09388700875161146,-15.856018924325422,13.198002063819846,-0.806207062175901,-1.212114003567888,-0.4003001207839363,True
dis-002,0.5000000237487257,0.0593956282346453,-15.518552056391044,14.715319928159953,-1.8447127417499432,-1.8912710211695716,-1.7981544623303036,True
geo-024,2.0,0.6907422754779026,-25.12304135688973,5.543736917144604,-1.6863792194868554,-2.131793051704367,-1.2409653872693327,True
dis-001,0.5000000237487257,0.06176806032010192,-17.288057469956552,14.873373596737549,-1.986704755595936,-2.031149663989995,-1.9422598472018882,True
aco-018,1.0,0.19233262098013446,-18.205475694191662,17.06340424255368,-5.345683088712461,-5.554391041143947,-5.136975136280975,True
aco-016,1.0,0.10375998144614364,-17.115294591291786,18.64494910511563,-5.465005834611603,-5.609262772925804,-5.320748896297411,True
aco-015,1.0,0.10379141123450134,-17.145764459809875,18.627271051480278,-5.483154402466306,-5.627244357095151,-5.33906444783746,True
aco-017,1.0,0.10379624727198225,-17.122151992801427,18.661169044746416,-5.450897911611063,-5.594555442727211,-5.307240380494916,True
aco-012,1.0,0.18705123836817986,-21.834872099584967,14.767168285074028,-7.23267503862175,-7.4461469309850425,-7.019203146258435,True
dis-000,0.750000006519258,0.0593956282346453,-19.29570700924733,28.28945845873867,-2.27567440391776,-2.4315958686162764,-2.1197529392192327,True
aco-007,1.78,0.10379141123450134,-24.30571042213018,24.210844226679605,-11.620929356437914,-11.892263247844404,-11.349595465031415,True
aco-005,1.8800000000000001,0.08730808609146377,-29.93781873081378,27.920309106577058,-12.125940923376021,-12.192602265688357,-12.059279581063686,True
aco-004,1.8800000000000001,0.08818121398067838,-30.343535141483457,27.782920200796248,-12.131547199923098,-12.196959471867974,-12.066134927978233,True
aco-002,1.3800000000000001,0.12136616604989549,-26.889388413924888,31.69432447082525,-12.915026889294001,-13.266845490848445,-12.563208287739558,True
aco-001,1.3800000000000001,0.12117112967905357,-26.76359154047948,31.900754744041258,-12.917150444111424,-13.267047749974681,-12.567253138248146,True
aco-006,2.0,0.19233262098013446,-29.345847558954606,30.4952000001673,-11.74159423121155,-12.156462082512743,-11.326726379910346,True
aco-003,1.98,0.19134640809665984,-27.40671117387047,40.061472483021966,-12.650044127067694,-13.052162008650514,-12.247926245484852,True
